,comment_text,target
0,bestowed star hoffman      s brother gordy with the waldo salt screenwriting award at 2002      s sundance festival ,1
1,this poor remake of such a well loved classic ,0
2,a memorable directorial debut ,1
3,to our basest desires ,1
4,trouble every day is a success in some sense     but it      s hard to like a film so cold and dead     ,0
5,offers an interesting look ,1
6,everett remains a perfect wildean actor     and ,1
7,the worst sense of the expression ,0
8,such a great one ,1
9,walked out muttering words like            horrible            and            terrible                ,0
10,the thinness of its characterizations ,0
11,     s awfully entertaining ,1
12,strictly a       guy      s film       in the worst sense of the expression     ,0
13,winning family story ,1
14,lets her love depraved leads meet         denis           story becomes a hopeless     unsatisfying muddle ,0
15,that no wise men will be following after it ,0
16,lacks the visual panache     the comic touch     and perhaps the budget of sommers      s title     bout features ,0
17,is sandler running on empty     repeating what he      s already done way too often ,0
18,should please history fans ,1
19,even less surprises ,0
20,the best sports movie ,1
21,distracted ,0
22,like an oily arms dealer     squad car pile     ups and the requisite screaming captain ,0
23,depressingly retrograde ,0
24,a light     yet unsentimental     touch ,1
25,the art demands live viewing     ,1
26,it      s usually a bad sign when directors abandon their scripts and go where the moment takes them ,0
27,the ending is all too predictable and far too cliched to really work ,0
28,unlike so many other hollywood movies of its ilk     it offers hope ,1
29,a spiffy animated feature ,1
30,belongs in the too     hot     for     tv direct     to     video     dvd category     and this is why i have given it a one     star rating     ,0
31,deep     uncompromising ,1
32,the simpering soundtrack ,0
33,that the beauty and power of the opera reside primarily in the music itself ,1
34,who proves that elegance is more than tattoo deep ,1
35,longer exposition sequences between them ,0
36,as a bitter pill ,0
37,are littered with trenchant satirical jabs at the peculiar egocentricities of the acting breed ,0
38,is unusual but unfortunately also irritating ,0
39,so lackluster ,0
40,jae     eun jeong      s take care of my cat brings a beguiling freshness to a coming     of     age story with such a buoyant     expressive flow of images that it emerges as another key contribution to the flowering of the south korean cinema     ,1
41,so interesting ,1
42,that was followed by the bad idea ,0
43,unoriginal run ,0
44,passion and pretence ,1
45,the end it      s as sweet as greenfingers ,1
46,the story      s undeniably hard to follow ,0
47,is n     t a disaster     exactly     but a very handsomely produced let     down     ,0
48,offbeat thriller ,1
49,long     intricate     star     studded and visually flashy ,1
50,is at once playful and haunting     an in     depth portrait of an iconoclastic artist who was fundamentally unknowable even to his closest friends ,1
51,splashed with bloody beauty as vivid as any scorsese has ever given us ,1
52,a tv episode rather than a documentary ,0
53,a lively and engaging examination ,1
54,i      m sorry to say that this should seal the deal       arnold is not     nor will he be     back     ,0
55,walk to remember ,1
56,soulless jumble ,0
57,her third feature will be something to behold ,1
58,family comedy ,1
59,sleaziness ,0
60,the movie     shot on digital videotape rather than film ,0
61,has all the trappings of an energetic     extreme     sports adventure     but ,1
62,better than the fiction ,1
63,there are lulls ,0
64,funnier gags ,1
65,to believe in your dreams ,1
66,magnificent to behold in its sparkling beauty yet in reality it      s one tough rock     ,1
67,is a smorgasbord of soliloquies about nothing delivered by the former mr    drew barrymore     ,0
68,at once both refreshingly different ,1
69,look as if it were being shown on the projection television screen of a sports bar ,0
70,try to avoid ,0
71,most good     hearted yet sensual ,1
72,accomplished and richly resonant work     ,1
73,spy flick worthy ,1
74,ridiculous action sequences ,0
75,showing honest emotions ,1
76,the film      s mid     to     low budget ,0
77,a more than satisfactory amount of carnage ,1
78,short of wonderful with its ten     year     old female protagonist and its steadfast refusal to set up a dualistic battle between good and evil ,1
79,it      s a wonderful     sobering     heart     felt drama     ,1
80,that wind     in     the     hair exhilarating ,1
81,been told and retold ,0
82,about friendship     love     and the truth ,1
83,see her esther blossom as an actress ,1
84,you get the impression that writer and director burr steers knows the territory           ,1
85,liked it much better ,1
86,cumbersome ,0
87,might just be the biggest husband     and     wife disaster since john ,0
88,a sour attempt at making a farrelly brothers     style     down     and     dirty laugher for the female ,0
89,the impressive stagings of hardware ,1
90,believe anyone would really buy this stuff ,0
91,a high     spirited buddy movie ,1
92,is the opposite of a truly magical movie ,0
93,is just as boring and as obvious ,0
94,small           with considerable aplomb ,1
95,be swept away by the sheer beauty of his images ,1
96,this is a fragmented film     once a good idea that was followed by the bad idea to turn it into a movie     ,0
97,evokes the 19th century with a subtlety that is an object lesson in period filmmaking ,1
98,rushed     slapdash     sequel     for     the     sake       ,0
99,the audience when i saw this one was chuckling at all the wrong times     and ,0
100,everything about the quiet american is good     except its timing     ,1
101,wondering why lee      s character did n     t just go to a bank manager and save everyone the misery ,1
102,overrun with movies dominated by cgi aliens and super heroes ,0
103,almost in a class with that of wilde ,1
104,predictable outcome ,0
105,     s definitely not made for kids or their parents     for that matter ,0
106,the film lacks momentum and its position remains mostly undeterminable ,0
107,    though many of the actors throw off a spark or two when they first appear     they ca n     t generate enough heat in this cold vacuum of a comedy to start a reaction     ,0
108,the best films of the year ,1
109,wo n     t enjoy the movie at all ,0
110,is nearly incoherent     an excuse to get to the closing bout           by which time it      s impossible to care who wins     ,0
111,this deeply spiritual film taps into the meaning and consolation in afterlife communications     ,1
112,passive     aggressive ,0
113,faithful to melville      s plotline ,1
114,were it not for the striking     quietly vulnerable personality of ms    ambrose ,1
115,won ,1
116,what madonna does here ca n     t properly be called acting            more accurately     it      s moving and it      s talking and it      s occasionally gesturing     sometimes all at once ,0
117,you see the movie and you think     zzzzzzzzz ,0
118,in addition to hoffman      s powerful acting clinic     this is that rare drama that offers a thoughtful and rewarding glimpse into the sort of heartache everyone has felt     or will feel someday     ,1
119,cool stuff ,1
120,played     out ,0
121,whiny and defensive ,0
122,sit through            despite some first     rate performances by its lead ,0
123,while somewhat less than it might have been     the film is a good one     ,1
124,the film is visually dazzling     the depicted events dramatic     funny and poignant ,1
125,thoroughly overbearing ,0
126,achieves the feel of a fanciful motion picture     ,1
127,    reaches     wholly believable and heart     wrenching depths of despair     ,1
128,just one of those underrated professionals who deserve but rarely receive it ,1
129,things will turn out ,1
130,spectacularly ,1
131,quirky and fearless ability ,1
132,family ,1
133,carries a little too much ai n     t       she     cute baggage into her lead role as a troubled and determined homicide cop to quite pull off the heavy stuff     ,0
134,an imponderably stilted and self     consciously arty movie ,0
135,engrossing film ,1
136,a worthwhile glimpse of independent     community guiding lights ,1
137,of motherhood and desperate mothers ,0
138,may be more genial than ingenious     but ,1
139,it just does n     t have anything really interesting to say     ,0
140,insightful and entertaining ,1
141,beautifully crafted and cooly unsettling           recreates the atmosphere of the crime expertly ,1
142,as a kind of colorful     dramatized pbs program ,0
143,the believer is nothing less than a provocative piece of work ,1
144,the sally jesse raphael atmosphere of films like philadelphia and american beauty ,1
145,able to inject some real vitality and even art into a pulpy concept that     in many other hands would be completely forgettable ,1
146,if the movie were n     t as beautifully shaped and as delicately calibrated in tone as it is ,1
147,is a movie that starts out like heathers     then becomes bring it on     then becomes unwatchable ,0
148,this is one of those war movies that focuses on human interaction rather than battle and action sequences           and it      s all the stronger because of it ,1
149,good action     good acting     good dialogue     good pace     ,1
150,viewers are asked so often to suspend belief that were it not for holm      s performance     the film would be a total washout     ,0
151,a native american ,1
152,sodden ,0
153,greatness ,1
154,contains almost enough chuckles for a three     minute sketch     and no more     ,0
155,grow boring ,0
156,because it has a bigger     name cast ,1
157,is clearly not zhang      s forte ,0
158,could i have been more geeked when i heard that apollo 13 was going to be released in imax format     ,1
159,is n     t really about anything     ,0
160,nails sy      s queasy infatuation and overall strangeness ,0
161,completely transfixes the audience     ,1
162,a heart     mind or humor of its own ,1
163,to the bitter end ,0
164,then becomes unwatchable ,0
165,a bland murder     on     campus yawner     ,0
166,gross     out humor ,0
167,if you want a movie time trip     the 1960 version is a far smoother ride     ,0
168,a condition only the old are privy to ,1
169,has finally made a movie that is n     t just offensive ,1
170,botched in execution ,0
171,delightfully rendered ,1
172,gets old ,0
173,seem smug and cartoonish ,0
174,had more fun watching spy than i had with most of the big summer movies     ,1
175,played     out idea ,0
176,a rustic     realistic     and altogether creepy tale ,1
177,more quick     witted than any english lit ,1
178,follow the same blueprint from hundreds of other films     sell it to the highest bidder and walk away without anyone truly knowing your identity ,0
179,excels because     unlike so many other hollywood movies of its ilk     it offers hope     ,1
180,self     consciously flashy camera effects     droning house music ,0
181,this is a third     person story now     told by hollywood     and much more ordinary for it     ,0
182,complex ,1
183,of its critical backlash and more ,0
184,suspenseful enough for older kids but not ,1
185,collapses after 30 minutes into a slap     happy series ,0
186,make an excellent companion piece ,1
187,one     sided documentary ,0
188,their story is predictable ,0
189,is the first film in a long time that made me want to bolt the theater in the first 10 minutes     ,0
190,the same stuff you can get for a buck or so in that greasy little vidgame pit in the theater lobby ,0
191,they show a remarkable ability to document both sides of this emotional car     wreck     ,1
192,the search for redemption makes for a touching love story     mainly because blanchett and ribisi compellingly tap into a spiritual aspect of their characters       suffering     ,1
193,     s that painful ,0
194,as the libretto directs     ideally capturing the opera      s drama and lyricism ,1
195,feel after an 88     minute rip     off of the rock ,0
196,like a true star ,1
197,jeffrey tambor      s performance as the intelligent jazz     playing exterminator is oscar     worthy     ,1
198,acting     but ultimately a movie with no reason for being     ,0
199,truly care for its decrepit freaks beyond the promise of a reprieve from their incessant whining ,0
200,is so earnest in its yearning for the days ,1
201,that embraces its old     fashioned themes and in the process comes out looking like something wholly original ,1
202,is predictable in the reassuring manner of a beautifully sung holiday carol ,1
203,like a bad blend of an overripe episode of tv      s dawson      s creek and a recycled and dumbed     down version of love story     ,0
204,simply intrusive ,0
205,even if the ring has a familiar ring     it      s still unusually crafty and intelligent for hollywood horror     ,1
206,is not ,0
207,grows as dull as its characters     about whose fate it is hard to care     ,0
208,to create a very compelling     sensitive     intelligent and almost cohesive piece of film entertainment ,1
209,    earnest and            sadly            dull ,0
210,it turns out to be affected and boring ,0
211,that worked five years ago but has since lost its fizz ,0
212,find an escape clause and avoid seeing this trite     predictable rehash ,0
213,so spot on ,1
214,funny and pithy ,1
215,derailed by bad writing and ,0
216,the extent to which it succeeds ,1
217,           and far less crass       ,1
218,some body often looks like an episode of the tv show blind date     only less technically proficient and without the pop     up comments     ,0
219,press the delete key     ,0
220,is in need of a scented bath     ,0
221,fails to fascinate ,0
222,safe conduct is so rich with period minutiae it      s like dying and going to celluloid heaven     ,1
223,of the company      s astonishing growth ,1
224,too predictably ,0
225,the fizz of a busby berkeley musical and the visceral excitement of a sports extravaganza ,1
226,2     day old coke ,0
227,snaps under the strain of its plot contrivances and its need to reassure ,0
228,that is n     t this painfully forced     false and fabricated ,0
229,    you      ll find yourself remembering this refreshing visit to a sunshine state     ,1
230,may strain adult credibility ,0
231,large rewards ,1
232,stooping to gooeyness ,0
233,thinking about going to see this movie ,1
234,as though they are having so much fun ,1
235,in need of a scented bath ,0
236,has no teeth ,0
237,the halloween series has lost its edge ,0
238,sluggish pace and lack ,0
239,enjoy the ride ,1
240,messiness ,0
241,mugs mercilessly ,0
242,quite possibly the sturdiest example yet ,1
243,the real triumphs in igby ,1
244,strange     funny     twisted     brilliant and macabre     ,1
245,           however canned            ,0
246,a sharp script ,1
247,a story that      s a lot richer than the ones hollywood action screenwriters usually come up with on their own ,1
248,an engaging criminal romp that will have viewers guessing just who      s being conned right up to the finale     ,1
249,     ll feel as the credits roll ,1
250,     s an enjoyable trifle nonetheless ,1
251,a nifty plot line ,1
252,discursive ,0
253,the astonishingly pivotal role ,1
254,of observation in the work of the director     frank novak     that keeps the film grounded in an undeniable social realism ,1
255,     s a day at the beach            with air conditioning and popcorn     ,1
256,very ugly     very fast ,0
257,idling in neutral ,0
258,wasted in it ,0
259,should have been worth cheering as a breakthrough but is devoid of wit and humor     ,0
260,truly enjoyed most of mostly martha while i ne ,1
261,the weight of too many story lines ,0
262,subtly kinky bedside vigils and sensational denouements ,1
263,a feel     good movie ,1
264,offensive and ,0
265,enhance ,1
266,not     so     funny ,0
267,something that really matters ,1
268,walked the delicate tightrope between farcical and loathsome ,0
269,distinguish one sci     fi work ,1
270,new inspiration ,1
271,as patriot games can still turn out a small     personal film with an emotional wallop ,1
272,when you      ve got the wildly popular vin diesel in the equation     it adds up to big box office bucks all but guaranteed     ,1
273,a formula comedy redeemed by its stars     ,1
274,    it      s clear that washington most certainly has a new career ahead of him ,1
275,could use more of     spirit     perception     conviction ,0
276,its subject matter is too calm and thoughtful for agitprop     and the thinness of its characterizations makes it a failure as straight drama           ,0
277,buzz     blab and money ,0
278,with an underlying seriousness that sneaks up on the viewer     providing an experience that is richer than anticipated ,1
279,a vampire soap opera that does n     t make much ,0
280,works spectacularly well           a shiver     inducing     nerve     rattling ride     ,1
281,pratfalls aside     barbershop gets its greatest play from the timeless spectacle of people really talking to each other     ,1
282,we got ten little indians meets friday the 13th by way of clean and sober     filmed on the set of carpenter      s the thing and loaded with actors you      re most likely to find on the next inevitable incarnation of the love boat     ,0
283,elegant ,1
284,naipaul original ,1
285,of good actors ,1
286,realistic human behavior of an episode of general hospital ,1
287,a well     defined sense ,1
288,forgettable ,0
289,appearing in this junk that      s tv sitcom material at best ,0
290,really     really stupid ,0
291,has found the perfect material with which to address his own world war ii experience in his signature style     ,1
292,the finest ,1
293,the acting is amateurish ,0
294,is grotesque and boring ,0
295,establishes itself as a durable part of the movie landscape     a james bond series for kids     ,1
296,would require the patience of job to get through this interminable     shapeless documentary about the swinging subculture ,0
297,heathers     then becomes bring it on     then becomes unwatchable ,0
298,a genuine mind     bender     ,1
299,despite the fact that this film was n     t as bad as i thought it was going to be     it      s still not a good movie ,0
300,like       praise the lord ,1
301,    you      re going to feel like you were n     t invited to the party     ,0
302,be captivated ,1
303,tactic to cover up the fact that the picture is constructed around a core of flimsy            or     worse yet     nonexistent            ideas ,0
304,    unsubtle and hollywood     predictable ,0
305,i know better than to rush to the theater for this one ,0
306,did n     t convince me that calvin jr         s barbershop represents some sort of beacon of hope in the middle of chicago      s south side ,0
307,the killing field and the barbarism of       ethnic cleansing ,0
308,deepest tragedies ,0
309,remains vividly in memory long ,1
310,is n     t much to it ,0
311,an exquisite     unfakable sense ,1
312,wears ,0
313,for what we can get on television for free ,0
314,brutal mid ,0
315,sit through     enjoy on a certain level and then ,1
316,odd and weird ,0
317,sam mendes ,1
318,     s endlessly inventive     consistently intelligent and sickeningly savage ,1
319,sade achieves the near     impossible     ,1
320,absorbing     largely for its elegantly colorful look and sound ,1
321,all the queen      s men is allegedly            inspired            was a lot funnier and more deftly enacted than what      s been cobbled together onscreen ,0
322,none of the crackle of            fatal attraction                           9 1     2 weeks                or even            indecent proposal            ,0
323,one key problem with these ardently christian storylines is that there is never any question of how things will turn out     ,0
324,while i ca n     t say it      s on par with the first one     stuart little 2 is a light     fun cheese puff of a movie     ,1
325,the crap ,0
326,off with an inauspicious premise     mopes through a dreary tract of virtually plotless meanderings and then ends with a whimper     ,0
327,this movie makes one thing perfectly clear ,1
328,an intelligent romantic thriller ,1
329,said the film was better than saving private ryan ,1
330,is a movie filled with unlikable     spiteful idiots ,0
331,hampered by taylor      s cartoonish performance and the film      s ill     considered notion ,0
332,a dreary tract ,0
333,drag along ,0
334,that nevertheless will leave fans clamoring for another ride ,1
335,the intensity ,1
336,crack cast ,1
337,with good intentions ,1
338,it also wrecks any chance of the movie rising above similar fare ,0
339,an indispensable peek at the art and the agony of making people laugh     ,1
340,     s pauly shore awful ,0
341,phenomenal     especially ,1
342,is good at being the ultra     violent gangster wannabe ,1
343,half     baked ,0
344,pretty well ,1
345,ver wiel      s desperate attempt at wit is lost     leaving the character of critical jim two     dimensional and pointless     ,0
346,the national lampoon film franchise     ,1
347,had     lost     and got back ,1
348,quietly moving moments and an intelligent subtlety ,1
349,avoid ,0
350,amused by the idea ,1
351,cliché     riddled ,0
352,whether it      s the worst movie of 2002     i ca n     t say for sure     memories of rollerball have faded     and i skipped country bears ,0
353,easily become a cold     calculated exercise in postmodern pastiche winds up a powerful and deeply moving example of melodramatic moviemaking ,1
354,gorgeous and finely detailed ,1
355,fessenden has nurtured his metaphors at the expense of his narrative ,0
356,relaxed in its perfect quiet pace and ,1
357,about the thousands of americans who die hideously ,0
358,     s all bluster            in the end it      s as sweet as greenfingers ,1
359,from this unimaginative comedian ,0
360,full     length classic ,1
361,because your nerves just ca n     t take it any more ,0
362,    as you watch them clumsily mugging their way through snow dogs     seems inconceivable ,0
363,the dark areas of parent     child relationships ,0
364,    that      s a liability     ,0
365,merits ,1
366,have to check your brain at the door ,0
367,for those who pride themselves on sophisticated     discerning taste     this might not seem like the proper cup of tea     however it is almost guaranteed that even the stuffiest cinema goers will laugh their           off for an hour     and     a     half     ,1
368,it rarely stoops to cheap manipulation or corny conventions to do it ,1
369,films crammed with movie references ,0
370,punchier ,1
371,mysterious     sensual     emotionally intense ,1
372,this leaden comedy ,0
373,eroti     comedy ,0
374,and con     for adults ,0
375,also has a good ear for dialogue     and the characters sound like real people     ,1
376,movie directionless ,0
377,between flaccid satire and what ,1
378,jackie chan movies are a guilty pleasure       he      s easy to like and always leaves us laughing ,1
379,is its reliance on formula ,0
380,unfilmable ,0
381,its sheer dynamism is infectious     ,1
382,the story is            forgive me            a little thin     ,0
383,glossy rehash ,0
384,are more silly than scary ,0
385,until the final act ,1
386,in a big corner office in hell ,0
387,until its final minutes this is a perceptive study of two families in crisis            and of two girls whose friendship is severely tested by bad luck and their own immaturity     ,0
388,the bigger setpieces flat ,0
389,of an artist who is simply tired            of fighting the same fights     of putting the weight of the world on his shoulders     of playing with narrative form ,0
390,i      ll go out on a limb     ,1
391,told well by a master storyteller ,1
392,follows the original film virtually scene for scene and yet manages to bleed it almost completely dry of humor     verve and fun     ,0
393,there      s just something about watching a squad of psychopathic underdogs whale the tar out of unsuspecting lawmen that reaches across time and distance     ,1
394,imaginable ,1
395,    the rising place never quite justifies its own existence     ,0
396,entertaining on an inferior level ,0
397,you are wet in some places ,0
398,horrendously ,0
399,           sorority boys            was funnier     and that movie was pretty bad     ,0
400,last summer      s bloated effects ,0
401,painfully unfunny farce ,0
402,he forgets to make it entertaining ,0
403,that wore out its welcome with audiences several years ago ,0
404,give performances of exceptional honesty ,1
405,nutty cliches and far too much ,0
406,plain old blarney ,0
407,grandness ,1
408,what            and has all the dramatic weight of a raindrop ,0
409,    toback      s     fondness for fancy split     screen     stuttering editing and pompous references to wittgenstein and kirkegaard           blends uneasily with the titillating material     ,0
410,a really long     slow and dreary time ,0
411,as telling a country skunk ,0
412,makes for perfectly acceptable     occasionally very enjoyable children      s entertainment     ,1
413,loud     witless mess ,0
414,views youthful affluence not as a lost ideal but a starting point ,1
415,a slam     dunk ,1
416,the movie does n     t add anything fresh to the myth     ,0
417,were paying dues for good books unread ,0
418,feels less like a change in     herzog      s     personal policy than a half     hearted fluke     ,0
419,truths emerge     ,1
420,amuses ,1
421,two fine actors     morgan freeman and ashley judd ,1
422,amuse even ,1
423,    i      ll buy the soundtrack     ,1
424,director shekhar kapur and screenwriters michael schiffer and hossein amini have tried hard to modernize and reconceptualize things     but the barriers finally prove to be too great ,0
425,small     budget ,0
426,audacious     impossible yet compelling ,1
427,light     hearted profile ,1
428,gets us too drunk on the party favors to sober us up with the transparent attempts at moralizing ,0
429,is amazing ,1
430,    ballistic     ecks vs    sever also features terrible     banal dialogue     convenient     hole     ridden plotting     superficial characters and a rather dull     unimaginative car chase     ,0
431,realize there      s no place for this story to go but down ,0
432,an overall sense of brusqueness ,0
433,dead     on ,1
434,its position ,1
435,is a weirdly beautiful place ,1
436,a laughable            ,0
437,signs is just another unoriginal run of the mill sci     fi film with a flimsy ending and lots of hype     ,0
438,this new zealand coming     of     age movie is n     t really about anything     ,0
439,is pushed into the margins by predictable plotting and tiresome histrionics ,0
440,satisfying crime drama ,1
441,which has a handful of smart jokes ,1
442,do n     t say you were n     t warned ,0
443,busy urban comedy is clearly not zhang      s forte ,0
444,most entertaining ,1
445,    but none of the sheer lust     ,0
446,sure to win viewers       hearts ,1
447,with lots of somber blues and pinks ,0
448,bring new energy ,1
449,presents nothing special and     until the final act     nothing overtly disagreeable     ,0
450,fears ,0
451,the story compels ,1
452,the film is well under way            and yet it      s hard to stop watching ,1
453,only open new wounds ,0
454,sweet without the decay ,1
455,excites the imagination and ,1
456,screeching     metal ,0
457,will wear thin on all ,0
458,of the funniest jokes of any movie ,1
459,intense experience ,1
460,refined ,1
461,well     balanced fashion ,1
462,is the awkwardly paced soap opera     ish story     ,0
463,the excitement is missing ,0
464,     s so not     at     all     good ,0
465,too many clever things ,0
466,an equally assured narrative coinage ,1
467,not only are the film      s sopranos gags incredibly dated and unfunny     they also demonstrate how desperate the makers of this       we      re       doing     it     for       the     cash       sequel were     ,0
468,since beauty and the beast ,1
469,condescending ,0
470,remains oddly detached ,0
471,melodrama     gored bullfighters     comatose ballerinas     with subtly kinky bedside vigils and sensational denouements ,1
472,no earthly reason other than money why this distinguished actor would stoop so low ,0
473,easily dismissive ,0
474,weepy melodrama ,0
475,for people who take as many drugs as the film      s characters ,0
476,thanks to the château      s balance of whimsicality     narrative discipline and serious improvisation ,1
477,the worthy successor to a better tomorrow and ,1
478,as a paper skeleton for some very good acting     dialogue     ,1
479,an enthralling aesthetic experience ,1
480,death to smoochy tells a moldy     oldie     not     nearly       as     nasty       as     it       thinks     it     is joke     ,0
481,an 88     minute rip     off of the rock ,0
482,finally makes sex with strangers     which opens today in the new york metropolitan area     so distasteful ,0
483,susceptible to blue hilarity     step right up ,1
484,of those films that started with a great premise and then just fell apart ,0
485,a gorgeously strange movie     heaven ,1
486,     s just plain lurid ,0
487,a lot going for it     not least the brilliant performances by testud           ,1
488,at the station looking for a return ticket to realism ,0
489,to narrative filmmaking with a visually masterful work of quiet power ,1
490,dips key moments ,0
491,it      s a compelling and horrifying story     and ,1
492,fusty squareness ,0
493,spectacularly ,1
494,     s so downbeat and nearly humorless ,0
495,ugly ,0
496,creep ,0
497,murphy do the genial     rogue shtick to death     but because the plot is equally hackneyed ,0
498,plays like john le carré with a couple of burnt     out cylinders     ,0
499,uneventful ,0
500,is a variant of the nincompoop benigni persona ,0
501,     s just rather leaden and dull ,0
502,from a xerox machine rather than     writer     director     franc ,0
503,mean     spirited lashing ,0
504,in addition to sporting one of the worst titles in recent cinematic history     ballistic     ecks vs    sever also features terrible     banal dialogue     convenient     hole     ridden plotting     superficial characters and a rather dull     unimaginative car chase     ,0
505,too predictable and far too cliched ,0
506,too campy to work as straight drama and too violent and sordid to function as comedy ,0
507,a very good time ,1
508,     s a stale     overused cocktail using the same olives since 1962 as garnish     ,0
509,for juicy roles ,1
510,with sharp ears and eyes ,1
511,feels draggy ,0
512,evelyn may be based on a true and historically significant story ,1
513,is simply a well     made and satisfying thriller     ,1
514,a solid     spooky entertainment worthy of the price of a ticket     ,1
515,    dramatically satisfying heroine ,1
516,hate ,0
517,painfully formulaic and stilted ,0
518,a rip     roaring comedy action fest that      ll put hairs on your chest     ,1
519,a crummy     wannabe     hip crime comedy that refers incessantly to old movies     when you could just rent those movies instead     let alone seek out a respectable new one ,0
520,torn away ,0
521,the problems and characters it reveals ,0
522,has the capability of effecting change and inspiring hope     ,1
523,that      s there to scare while we delight in the images ,1
524,find an enthusiastic audience among american action     adventure buffs     but the film      s interests ,1
525,of oscar wilde      s classic satire ,1
526,cox offers plenty of glimpses at existing photos     ,1
527,    the film      s     taste for            shock humor            will wear thin on all but those weaned on the comedy of tom green and the farrelly brothers ,0
528,being the ultra     violent gangster wannabe ,0
529,that keeps you ,1
530,sweet     genuine chemistry ,1
531,plodding action sequences ,0
532,the ensemble cast turns in a collectively stellar performance     ,1
533,outing with one of france      s most inventive directors ,1
534,feel more like a non     stop cry for attention     than an attempt at any kind of satisfying entertainment     ,0
535,utterly ridiculous ,0
536,if it chiefly inspires you to drive a little faster ,1
537,a little more intensity and a little less charm would have saved this film a world of hurt     ,0
538,high     profile name ,1
539,dreary mess ,0
540,     s black hawk down with more heart     ,1
541,a party     hearty teen flick that scalds like acid     ,0
542,barely defensible sexual violence to keep it interested ,0
543,plotless     shapeless ,0
544,he      s been in years ,0
545,revelatory ,1
546,dabbles all around     never gaining much momentum ,0
547,dismissed as the tiresome rant of an aging filmmaker still thumbing his nose at convention ,0
548,strays past the two and a half mark ,0
549,entirely humorless ,0
550,dull girl ,0
551,outstanding feature debut ,1
552,winning performances and some effecting moments ,1
553,delivers a monologue that manages to incorporate both the horror and the absurdity of the situation in a well     balanced fashion     ,1
554,leave a large dog alone ,0
555,in a vibrant and intoxicating fashion ,1
556,favor of gags that rely on the strength of their own cleverness ,1
557,lurches between not     very     funny comedy     unconvincing dramatics ,0
558,a smart and funny     albeit sometimes superficial     cautionary tale of a technology in search of an artist ,1
559,blimp ,0
560,sick sense ,0
561,sterile and ,0
562,worthwhile environmental message ,1
563,perhaps it      s cliche to call the film       refreshing           but ,1
564,the movie eventually gets around to its real emotional business     striking deep chords of sadness     ,1
565,comic skill ,1
566,a fine     old     fashioned     movie movie     which is to say it      s unburdened by pretensions to great artistic significance ,1
567,drunken ,0
568,is the needlessly poor quality of its archival prints and film footage ,0
569,probably want to see it twice ,1
570,the rare common     man artist ,1
571,that the less charitable might describe as a castrated ,0
572,solemn insights ,1
573,to the tailor for some major alterations ,0
574,loves them to pieces ,1
575,note that this film     like the similarly ill     timed antitrust     is easily as bad at a fraction the budget ,0
576,looking and stylish ,1
577,it will make you wish you were at home watching that movie instead of in the theater watching this one     ,0
578,that rare documentary that incorporates so much of human experience            drama     conflict     tears and surprise            that it transcends the normal divisions between fiction and nonfiction film     ,1
579,creates an impeccable sense of place     while thurman and lewis give what can easily be considered career     best performances ,1
580,reap more rewards ,1
581,packed with just as much intelligence as action ,1
582,jell into charm ,1
583,contains a few big laughs but many more that graze the funny bone or miss it altogether     in part because the consciously dumbed     down approach wears thin     ,0
584,    this nervy oddity     like modern art should     ,1
585,career     best performances ,1
586,the two leads     nearly perfect in their roles     ,1
587,made for the big screen     some for the small screen ,0
588,with his fake backdrops and stately pacing ,0
589,between deadpan comedy and heartbreaking ,1
590,    overall it      s an entertaining and informative documentary     ,1
591,is fabulously funny and over the top as a       very sneaky       butler who excels in the art of impossible disappearing     reappearing acts ,1
592,i did n     t laugh     ,0
593,a deliciously nonsensical comedy about a city coming apart at its seams     ,1
594,a movie you observe     rather than one you enter into     ,0
595,the most offensive thing about the movie ,0
596,    showtime eventually folds under its own thinness     ,0
597,you can not guess why the cast and crew did n     t sign a pact to burn the negative and the script and pretend the whole thing never existed     ,0
598,makes compelling     provocative and prescient viewing     ,1
599,disjointed ,0
600,is a compelling piece that demonstrates just how well children can be trained to live out and carry on their parents       anguish ,1
601,far     flung     ,0
602,huppert scheming     with her small     intelligent eyes ,1
603,most pleasurable expressions ,1
604,the great films about movie love ,1
605,a documentary that works ,1
606,manic ,0
607,much ado about something is an amicable endeavor     ,1
608,he can cross swords with the best of them and helm a more traditionally plotted popcorn thriller while surrendering little of his intellectual rigor or creative composure ,1
609,this film biggest problem     ,0
610,infuses the movie with much of its slender     glinting charm ,1
611,most daring     ,1
612,pairing clayburgh and tambor ,1
613,honest and loving ,1
614,gadgets ,1
615,by halfway through this picture i was beginning to hate it     and     of course ,0
616,roiling ,0
617,it labors as storytelling     ,0
618,begins to seem as long as the two year affair which is its subject ,0
619,ambiguity to suggest possibilities which imbue the theme with added depth and resonance     ,1
620,make gangster no    1 a worthwhile moviegoing experience ,1
621,are mean giggles and pulchritude     ,0
622,fascinating than the results ,1
623,right     wing     propriety     obsessed family ,0
624,presents yet another tired old vision of the gay community as an all     inclusive world where uptight     middle class bores like antonia can feel good about themselves ,0
625,horse feathers ,0
626,contrived sequels ,0
627,sandra bullock     despite downplaying her good looks     carries a little too much ai n     t       she     cute baggage into her lead role as a troubled and determined homicide cop to quite pull off the heavy stuff     ,0
628,be looking at his 12th oscar nomination by proving that he      s now     more than ever     choosing his roles with the precision of the insurance actuary ,1
629,clever credits roll ,1
630,at hostile odds with one another ,0
631,a moving tale of love and destruction ,1
632,the thought of watching this film with an audience full of teenagers fixating on its body humor and reinforcement of stereotypes     of which they      ll get plenty     ,0
633,sex and lucia is so alluring ,1
634,skins has a desolate air ,0
635,mawkish dialogue ,0
636,idiots ,0
637,an intimate contemplation of two marvelously messy lives     ,1
638,got lost in the            soon     to     be     forgettable            section of the quirky rip     off prison romp pile     ,0
639,has all the earmarks of french cinema at its best ,1
640,is definitely worth seeing     ,1
641,of light     heartedness     that makes it attractive throughout ,1
642,the new film is a subzero version of monsters     inc        without the latter      s imagination     visual charm or texture     ,0
643,us right into the center of that world ,1
644,has its heart     and its palate     in the right place ,1
645,expects something special but ,0
646,the cast is top     notch and i predict there will be plenty of female audience members drooling over michael idemoto as michael ,1
647,is a festival film that would have been better off staying on the festival circuit     ,0
648,a terrific role ,1
649,is tragically rare in the depiction of young women in film ,0
650,it never bothers to question why somebody might devote time to see it ,0
651,disappointingly thin slice ,0
652,more than anything else slight           tadpole pulls back from the consequences of its own actions and revelations ,0
653,sour     bloody and mean ,0
654,second     rate ,0
655,so insanely stupid     so awful in so many ways ,0
656,a disappointingly thin slice of lower     class london life     despite the title ,0
657,deep down     i realized the harsh reality of my situation     i would leave the theater with a lower i   q    than when i had entered     ,0
658,various sources ,1
659,rises above easy     cynical potshots at morally bankrupt characters ,1
660,beautiful     cold     oddly colorful and just plain otherworldly     a freaky bit of art that      s there to scare while we delight in the images     ,1
661,the pool drowned me in boredom     ,0
662,a document of what it felt like to be a new yorker            or     really     to be a human being            in the weeks after 9     11 ,1
663,it      s hard to care about a film that proposes as epic tragedy the plight of a callow rich boy who is forced to choose between his beautiful     self     satisfied 22     year     old girlfriend and an equally beautiful     self     satisfied 18     year     old mistress     ,0
664,the art direction is often exquisite     and ,1
665,a marvel of production design ,1
666,from the writing and direction to the soggy performances            ,0
667,a bit cold and relatively flavorless ,0
668,godard      s ode to tackling life      s wonderment is a rambling and incoherent manifesto about the vagueness of topical excess ,0
669,     s drab     ,0
670,a breezy blend of art     history     esoteric musings and philosophy     ,1
671,uses modern technology to take the viewer inside the wave     ,1
672,takes a hat     in     hand approach ,1
673,     s a shame the marvelous first 101 minutes have to be combined with the misconceived final 5     ,0
674,would go back and choose to skip it     ,0
675,skip the film and buy the philip glass soundtrack cd ,0
676,    those who do will have found a cult favorite to enjoy for a lifetime     ,1
677,the pacing is often way off ,0
678,to boring     self     important stories of how horrible we are to ourselves and each other ,0
679,thoroughly satisfying entertainment ,1
680,so muddled     repetitive and ragged that it says far less about the horrifying historical reality than about the filmmaker      s characteristic style     ,0
681,feel free to go get popcorn whenever he      s not onscreen     ,0
682,swaying back and forth as it cradles its characters     veiling tension beneath otherwise tender movements ,1
683,    cletis tout is a winning comedy that excites the imagination and tickles the funny bone     ,1
684,cuts to the core of what it actually means to face your fears     to be a girl in a world of boys     to be a boy truly in love with a girl     and to ride the big metaphorical wave that is life            wherever it takes you ,1
685,is n     t worth sitting through ,0
686,how much they engage and even touch us ,1
687,of four englishmen facing the prospect of their own mortality ,0
688,the threat implied in the title pokémon 4ever is terrifying            like locusts in a horde these things will keep coming     ,0
689,no solace here     no entertainment value ,0
690,          may put off insiders and outsiders alike     ,0
691,a major movie ,1
692,add up to more than body count ,0
693,bisset ,1
694,bilked unsuspecting moviegoers ,0
695,the barriers finally prove to be too great ,0
696,it      s not going to be everyone      s bag of popcorn     but it definitely gives you something to chew on     ,1
697,director peter kosminsky ,1
698,personal velocity ,1
699,tub     thumpingly loud ,0
700,gentle and engrossing ,1
701,are portrayed with almost supernatural powers to humble     teach and ultimately redeem their mentally            superior            friends     family           ,1
702,the same old silliness ,0
703,pushing the jokes at the expense of character until things fall apart ,0
704,overproduced piece ,0
705,dishonesty ,0
706,thriller remarkable only for its lack of logic and misuse of two fine actors     morgan freeman and ashley judd     ,0
707,from the incongruous but chemically ,0
708,seventy     minute running time ,1
709,is little question that this is a serious work by an important director who has something new to say about how     in the flip     flop of courtship     we often reel in when we should be playing out     ,1
710,clooney directs this film always keeping the balance between the fantastic and the believable           ,1
711,how can you charge money for this           ,0
712,    you should be able to find better entertainment     ,0
713,succeed in producing that most frightening of all movies            a mediocre horror film too bad to be good and too good to be bad ,1
714,           and long            for its own good ,0
715,this is one that should be thrown back in the river ,0
716,the artwork is spectacular and unlike most animaton from japan     the characters move with grace and panache     ,1
717,resorting to camp or parody ,0
718,is advised to take the warning literally     and log on to something more user     friendly ,0
719,offers an interesting look at the rapidly changing face of beijing     ,1
720,what critics have come to term an            ambitious failure ,0
721,is a clear case of preaching to the converted ,0
722,detail ,1
723,missed opportunity ,0
724,little wit and no surprises ,0
725,an assurance worthy of international acclaim ,1
726,so many flaws ,0
727,is by far the worst movie of the year ,0
728,that is the recording industry in the current climate of mergers and downsizing ,1
729,his self     inflicted retaliation ,0
730,is a such a brainless flibbertigibbet that it      s hard to take her spiritual quest at all seriously     ,0
731,if you      ve the patience     there are great rewards here     ,1
732,bravado kathy     ,1
733,    you know there      s something there     ,1
734,sane and healthy ,1
735,excite ,1
736,intimidated by both her subject matter and ,0
737,from mel gibson and a brutal 90     minute battle sequence that does everything but issue you a dog     tag and an m     16 ,1
738,    that would be me     fighting off the urge to doze     ,0
739,big screen magic ,1
740,donovan           squanders his main asset     jackie chan     and fumbles the vital action sequences     ,0
741,lead actress gaï     she of the impossibly long limbs and sweetly conspiratorial smile     ,1
742,to lead a group of talented friends astray ,0
743,ludicrous attempt ,0
744,as improbable as this premise may seem     abbass      s understated     shining performance offers us the sense that on some elemental level     lilia deeply wants to break free of her old life     ,1
745,from the characters ,1
746,laid     back ,1
747,is consistently amusing and engrossing           ,1
748,does n     t deserve the energy it takes to describe how bad it is     ,0
749,undeniably gorgeous ,1
750,sad nonsense     this     ,0
751,the film      s saving graces ,1
752,the enjoyable undercover brother ,1
753,a captivating new film     ,1
754,about morality and the choices we make underneath such a mountain of clichés and borrowed images ,0
755,has actually bothered to construct a real story this time ,1
756,perfect movie ,1
757,squandering his opportunity to make absurdist observations ,0
758,overlong and not well     acted     but ,0
759,the action scenes are poorly delivered ,0
760,downbeat ,0
761,but unmemorable ,0
762,is polanski      s best film     ,1
763,flaccid satire and what ,0
764,the action and ,1
765,like ravel      s bolero ,1
766,the film      s lack of personality ,0
767,quality twist ,1
768,an unsophisticated ,0
769,too difficult ,0
770,ringside seat ,1
771,into feel     good territory ,1
772,what is essentially an extended soap opera ,0
773,fussing over too weak a recipe ,0
774,i liked this film a lot           ,1
775,one who proves that elegance is more than tattoo deep ,1
776,low     brow humor     gratuitous violence ,0
777,term epic cinema ,1
778,expands the limits of what a film can be     taking us into the lives of women to whom we might not give a second look if we passed them on the street ,1
779,a fresh and absorbing look ,1
780,improved upon the first and taken it a step further     richer and deeper ,1
781,fairly irresistible package ,1
782,traps audiences in a series of relentlessly nasty situations that we would pay a considerable ransom not to be looking at ,0
783,moody     oozing     chilling and heart     warming ,1
784,had no effect and ,0
785,why not invite some genuine spontaneity into the film by having the evil aliens       laser guns actually hit something for once     ,0
786,director david fincher and writer david koepp ca n     t sustain it     ,0
787,offers some flashy twists and turns that occasionally fortify this turgid fable ,1
788,in that sense is a movie that deserves recommendation ,1
789,a fall ,0
790,squanders chan      s uniqueness ,0
791,flickering reminders of the ties that bind us ,1
792,jolts the laughs ,1
793,belongs in the very top rank of french filmmakers ,1
794,realize that deep inside righteousness can be found a tough beauty ,1
795,chases for an hour and then ,1
796,a fake street drama that keeps telling you things instead of showing them ,0
797,lacking any real emotional impact ,0
798,your nose ,1
799,what saves it           and makes it ,1
800,than most third     rate horror sequels ,0
801,than a leaky freighter ,0
802,    swimfan     falls victim to sloppy plotting     an insultingly unbelievable final act and a villainess who is too crazy to be interesting     ,0
803,the premise itself is just sooooo tired     ,0
804,much more than ,1
805,well     defined ,1
806,    uneven action comedy ,0
807,almost as much as they love themselves ,0
808,suck ,0
809,dislocation ,0
810,one of those rare films that come by once in a while with flawless amounts of acting     direction     story and pace ,1
811,a screenplay more ingeniously constructed than            memento            ,1
812,great cinema ,1
813,may be disappointed     ,0
814,to question why somebody might devote time to see it ,0
815,a winning and wildly fascinating work     ,1
816,borrows from bad lieutenant and les vampires     ,0
817,wild     and     woolly ,1
818,girls ca n     t swim represents an engaging and intimate first feature by a talented director to watch     and ,1
819,zero ,0
820,birot creates a drama with such a well     defined sense of place and age            as in     15 years old            that the torments and angst become almost as operatic to us as they are to her characters     ,1
821,something impressive and yet lacking about everything ,1
822,a moral tale with a twisted sense of humor ,1
823,serene ,1
824,most virtuous limits ,1
825,be killed ,0
826,crushed ,0
827,orgy ,0
828,from two fatal ailments            a dearth of vitality and a story that      s shapeless and uninflected ,0
829,an adventurous young talent ,1
830,an eerily suspenseful     deeply absorbing piece that works as a treatise on spirituality as well as a solid sci     fi thriller ,1
831,enjoy ,1
832,impossible to claim that it is            based on a true story ,0
833,like mike is n     t going to make box office money that makes michael jordan jealous     but it has some cute moments     funny scenes     and hits the target audience     young bow wow fans           with nothing but net ,1
834,nasty ,0
835,interesting characters or even a halfway intriguing plot ,1
836,know the picture is in trouble     ,0
837,is enough to save oleander      s uninspired story     ,0
838,     d rather watch them on the animal planet ,0
839,conjured up more coming     of     age stories than seem possible ,1
840,the silly     over     the     top coda especially disappointing ,0
841,is tight and truthful     full of funny situations and honest observations ,1
842,the human story is pushed to one side ,0
843,it      s got all the familiar bruckheimer elements     and schumacher does probably as good a job as anyone at bringing off the hopkins     rock collision of acting styles and onscreen personas ,1
844,welles groupie     scholar peter bogdanovich took a long time to do it     but he      s finally provided his own broadside at publishing giant william randolph hearst     ,1
845,    hollywood is sordid and disgusting     ,0
846,soars above the material realm ,1
847,timelessness ,1
848,sacrifices its promise ,0
849,thumbs up ,1
850,a distinctly mixed bag     the occasional bursts of sharp writing alternating with lots of sloppiness and the obligatory moments of sentimental ooze     ,0
851,recognize that there are few things in this world more complex            and     as it turns out     more fragile ,1
852,me wonder if lawrence hates criticism so much that he refuses to evaluate his own work ,0
853,powerfully drawn toward the light            the light of the exit sign ,0
854,not only a reminder of how they used to make movies     but also how they sometimes still can be made     ,1
855,           sorority boys            was funnier ,0
856,engagingly ,1
857,mib ii            succeeds due to its rapid     fire delivery and enough inspired levity that it ca n     t be dismissed as mindless     ,1
858,is n     t going to jell ,0
859,a shifting tone that falls far short of the peculiarly moral amorality of     woo      s     best work ,0
860,grievous but obscure complaint ,0
861,inject some real vitality and even art into a pulpy concept that     in many other hands would be completely forgettable ,1
862,want my money back     ,0
863,than by its funny     moving yarn that holds up well after two decades ,1
864,does spider     man deliver     but i suspect it might deliver again and again     ,1
865,nights feels more like a quickie tv special than a feature film           it      s not even a tv special you      d bother watching past the second commercial break ,0
866,with jump cuts     fast editing and lots of pyrotechnics     yu clearly hopes to camouflage how bad his movie is     ,0
867,my enjoyment came at the expense of seeing justice served     even if it      s a dish that      s best served cold ,1
868,this amiable picture talks tough     but it      s all bluster            in the end it      s as sweet as greenfingers ,1
869,not invite some genuine spontaneity into the film by having the evil aliens       laser guns actually hit something for once     ,0
870,when       science fiction       takes advantage of the fact that its intended audience has n     t yet had much science     it does a disservice to the audience and to the genre     ,0
871,winningly ,1
872,the ingenious construction ,1
873,cleverest ,1
874,restate ,0
875,the script is high on squaddie banter     low on shocks     ,1
876,hollywood pipeline ,0
877,pulls no punches in its depiction of the lives of the papin sister and the events that led to their notorious rise to infamy           ,1
878,a meatier deeper beginning ,1
879,as a fringe feminist conspiracy theorist ,0
880,to look as if it were being shown on the projection television screen of a sports bar ,0
881,welcomed tens of thousands of german jewish refugees ,1
882,there is a certain sense of experimentation and improvisation to this film that may not always work ,0
883,strong cast and surehanded direction ,1
884,such an achievement ,1
885,    unimaginative ,0
886,itself and retreats ,0
887,the film      s vision of sport as a secular religion is a bit cloying ,0
888,the mess that is world traveler ,0
889,mind     numbingly awful that you hope britney wo n     t do it one more time     as far as movies ,0
890,sheer joy and pride ,1
891,any actor of talent would ever work in a mcculloch production again if they looked at how this movie turned out ,0
892,is n     t as funny ,0
893,piccoli      s performance is amazing     yes     but the symbols of loss and denial and life     at     arm      s       length in the film seem irritatingly transparent     ,0
894,this film is so different from the apple and so striking that it can only encourage us to see samira makhmalbaf as a very distinctive sensibility     working to develop her own film language with conspicuous success     ,1
895,high above run     of     the     filth gangster flicks ,1
896,rambles aimlessly ,0
897,complex and quirky     but entirely believable ,1
898,its rough     around     the     edges     low     budget constraints ,0
899,    payami graphically illustrates the problems of fledgling democracies     but also the strength and sense of freedom the iranian people already possess     with or without access to the ballot box     ,1
900,the only thing            swept away            is the one hour and thirty     three minutes spent watching this waste of time     ,0
901,a tired     predictable ,0
902,worldly knowledge comes from tv reruns and supermarket tabloids ,0
903,jfk conspiracy nuts ,0
904,despite its lavish formalism and intellectual austerity     the film manages to keep you at the edge of your seat with its shape     shifting perils     political intrigue and brushes with calamity     ,1
905,a successful career ,1
906,have been this odd     inexplicable and unpleasant ,0
907,that allows americans to finally revel in its splendor ,1
908,like pieces a bunch of other     better movies slapped together     ,0
909,     s a pretty woman ,1
910,marvelous first ,1
911,was immensely enjoyable thanks to great performances ,1
912,the occasional bursts ,1
913,brilliant in this ,1
914,sinuously plotted ,0
915,nearly all the fundamentals you take for granted in most films are mishandled here     ,0
916,loneliness and desperate grandiosity ,0
917,never mind all that     the boobs are fantasti ,1
918,sluggish ,0
919,no respectable halloween costume shop would ever try to sell ,0
920,a handsome but unfulfilling suspense drama more ,0
921,strength ,1
922,cool stuff packed into espn      s ultimate x    ,1
923,a deceptively casual ode ,1
924,its soul      s       eye view of how well     meaning patronizing masked a social injustice     at least as represented by this case ,1
925,a laugh riot ,1
926,the historical period and ,1
927,     s meandering     low on energy     and too eager to be quirky at moments ,0
928,actually has something interesting to say ,1
929,brutal honesty and respect ,1
930,you shoot something on crummy     looking videotape ,0
931,it fails ,0
932,funny     touching     dramatically forceful     and beautifully shot ,1
933,the worst movie i      ve seen this summer ,0
934,afraid of the bad reviews they thought they      d earn ,0
935,that it might as well have been titled generic jennifer lopez romantic comedy ,0
936,on people     a project in which the script and characters hold sway ,1
937,unpleasant debate that      s been given the drive of a narrative and that      s been acted out ,0
938,too dry and too placid ,0
939,optimistic ,1
940,is that i ca n     t wait to see what the director does next     ,1
941,    gulpilil     is a commanding screen presence     and his character      s abundant humanism makes him the film      s moral compass     ,1
942,parker updates the setting in an attempt to make the film relevant today     without fully understanding what it was that made the story relevant in the first place     ,0
943,one of the worst titles in recent cinematic history ,0
944,not at all clear what it      s trying to say and even if it were            i doubt it would be all that interesting     ,0
945,during the tuxedo      s 90 minutes of screen time     there is n     t one true       chan moment           ,0
946,interview with the assassin is structured less as a documentary and more as a found relic     and as such the film has a difficult time shaking its blair witch project real     time roots     ,0
947,a heartening tale of small victories and enduring hope     ,1
948,the outer limits of raunch ,0
949,so impersonal or even shallow ,0
950,real magic     ,1
951,    macdowell     ventures beyond her abilities ,1
952,the layered richness ,1
953,sloughs one      s way through the mire of this alleged psychological thriller in search of purpose or even a plot ,0
954,the 3     d vistas from orbit     with the space station suspended like a huge set of wind chimes over the great blue globe ,1
955,by turns touching     raucously amusing     uncomfortable     and     yes     even sexy ,1
956,enough gun battles and ,0
957,demanding ,0
958,to have forgotten everything he ever knew about generating suspense ,0
959,is     truly and thankfully     a one     of     a     kind work ,0
960,anyone not into high     tech splatterfests is advised to take the warning literally     and log on to something more user     friendly     ,0
961,should have been a cutting hollywood satire ,0
962,is competent ,1
963,is nothing but a convenient conveyor belt of brooding personalities that parade about as if they were coming back from stock character camp            a drowsy drama infatuated by its own pretentious self     examination ,0
964,a satisfactory overview of the bizarre world of extreme athletes as several daredevils express their own views     ,1
965,that made mamet      s            house of games            and last fall      s            heist            so much fun ,1
966,dickens       wonderfully sprawling soap opera     the better ,1
967,defies expectation ,1
968,of a paranoid and unlikable man ,0
969,piercing intellect ,1
970,in            unfaithful ,0
971,laced with liberal doses of dark humor     gorgeous exterior photography     and a stable     full of solid performances     no such thing is a fascinating little tale     ,1
972,crane      s decline with unblinking candor ,1
973,the delicious trimmings           ,1
974,it      s no surprise that as a director washington demands and receives excellent performances     from himself and from newcomer derek luke     ,1
975,shrill     simple and soapy     ,1
976,the second half of the movie really goes downhill     ,0
977,having had all its vital essence scooped out and discarded ,0
978,is that it      s a rock     solid little genre picture     ,1
979,the ensemble cast turns in a collectively stellar performance ,1
980,limpid and ,0
981,that an epic four     hour indian musical about a cricket game could be this good ,1
982,all its effective moments ,1
983,you should avoid this like the dreaded king brown snake     ,0
984,sick and ,0
985,grounded in an undeniable social realism ,1
986,steers refreshingly clear of the usual cliches ,1
987,with few moments of joy rising above the stale material ,0
988,this rush to profits ,0
989,is on his way to becoming the american indian spike lee ,1
990,those visual in     jokes ,1
991,bright     intelligent     and humanly funny film     ,1
992,compelling dramatic means ,1
993,energized ,1
994,most sincere ,1
995,perhaps it      s cliche to call the film       refreshing ,1
996,is a wartime farce in the alternately comic and gut     wrenching style of joseph heller or kurt vonnegut     ,1
997,of wladyslaw szpilman     who is not only a pianist     but a good human being ,1
998,whether you can tolerate leon barlow ,0
999,probably the most good     hearted yet sensual entertainment i      m likely to see all year ,1
1000,the one     liners are snappy     the situations volatile and ,1
1001,grant is n     t cary and bullock is n     t katherine ,0
1002,whimsicality     narrative discipline and serious improvisation ,1
1003,nary a glimmer of self     knowledge ,0
1004,it is entertaining on an inferior level     ,0
1005,     s in danger of going wrong ,0
1006,the sheer dumbness ,0
1007,it      s the type of film about growing up that we do n     t see often enough these days     realistic     urgent     ,1
1008,a rehash ,0
1009,is felt     not the craven of       a nightmare on elm street       or       the hills have eyes           but the sad schlock merchant of       deadly friend           ,0
1010,truly edgy ,1
1011,been fumbled by a lesser filmmaker ,0
1012,moving tragedy ,1
1013,is a goofy pleasure ,1
1014,seems to have dumped a whole lot of plot in favor of           outrageous gags     ,0
1015,desperately looks elsewhere     seizing on george      s haplessness and lucy      s personality tics     ,0
1016,like showgirls and glitter     the most entertaining moments here are unintentional     ,0
1017,     ll trudge out of the theater feeling as though you rode the zipper after eating a corn dog and an extra     large cotton candy     ,0
1018,the kiss of death in this bitter italian comedy ,0
1019,has made tucker a star ,1
1020,comes off like a particularly amateurish episode of bewitched that takes place during spring break ,0
1021,features terrible     banal dialogue     convenient     hole     ridden plotting     superficial characters and a rather dull     unimaginative car chase     ,0
1022,    open     hearted film ,1
1023,sensuous and spirited tale ,1
1024,with heart and humor ,1
1025,a powerful drama ,1
1026,the biggest problem with roger avary      s uproar against the mpaa ,0
1027,this odd     distant portuguese import more or less borrows from bad lieutenant and les vampires     and comes up with a kind of art     house gay porn film     ,0
1028,a fascinating curiosity piece            fascinating     that is     for about ten minutes ,0
1029,provides the kind of       laugh therapy       i need from movie comedies ,1
1030,appreciate the emotional depth of haynes       work ,1
1031,eventually winning squareness that would make it the darling of many a kids     and     family     oriented cable channel ,1
1032,is a bowser ,0
1033,cheesy screenplay ,0
1034,affection ,1
1035,intriguing     provocative stuff ,1
1036,its excellent use of new york locales and sharp writing ,1
1037,irresistibly ,1
1038,lacks the spirit of the previous two     and makes all those jokes about hos and even more unmentionable subjects seem like mere splashing around in the muck     ,0
1039,cliché     laden screenplay ,0
1040,immersed ,1
1041,also wrecks any chance of the movie rising above similar fare ,0
1042,after the most awful acts are committed ,0
1043,a coma ,0
1044,feature but something far more stylish and cerebral            and     hence     more chillingly effective ,1
1045,for humor in so many teenage comedies ,1
1046,rarely has sex on screen been so aggressively anti     erotic     ,0
1047,is a man who uses the damage of war            far more often than the warfare itself            to create the kind of art shots that fill gallery shows ,1
1048,     s on saturday morning tv especially the pseudo     educational stuff we all ca n     t stand ,0
1049,one can honestly describe as looking     sounding and simply feeling like no other film in recent history ,1
1050,watch it     offering fine acting moments and pungent insights into modern l   a         s show     biz and media ,1
1051,the rare sequel that      s better than its predecessor ,1
1052,even when there are lulls     the emotions seem authentic     and the picture is so lovely toward the end           ,1
1053,exercise in narcissism and self     congratulation disguised as a tribute     ,0
1054,permeates all its aspects            from the tv movie     esque     affected child acting to the dullest irish pub scenes ever filmed ,0
1055,to perfect use in the breathtakingly beautiful outer     space documentary space station 3d ,1
1056,phony humility ,0
1057,that the film opens with maggots crawling on a dead dog is not an out of place metaphor     ,0
1058,of contemporary chinese life this exciting new filmmaker has brought to the screen ,1
1059,this is the kind of movie where people who have never picked a lock do so easily after a few tries and become expert fighters after a few weeks     ,0
1060,    excruciatingly tedious ,0
1061,relationships in such a straightforward     emotionally honest manner that by the end ,1
1062,hits the target audience     young bow wow fans     ,1
1063,    gayton      s script     telegraphs every discovery and layers on the gloss of convenience     ,1
1064,evokes a palpable sense of disconnection ,0
1065,an awful movie that ,0
1066,is extraordinary     ,1
1067,tries too hard to be emotional ,0
1068,the distance ,1
1069,emerged as hilarious lunacy in the hands of woody allen ,1
1070,is n     t scary ,0
1071,devoted to the insanity of black ,0
1072,beyond being a sandra bullock vehicle or a standard romantic comedy ,1
1073,worst movies ,0
1074,its audience            in a heartwarming     nonjudgmental kind of way            to consider what we value in our daily lives ,1
1075,pathos     filled but ultimately life     affirming ,1
1076,absolute joy ,1
1077,an intensely lived time     filled with nervous energy     moral ambiguity and great uncertainties ,1
1078,not     so     divine ,0
1079,constrictive ,0
1080,with more character development this might have been an eerie thriller     with better payoffs     it could have been a thinking man      s monster movie ,0
1081,that tells stories that work            is charming     is moving ,1
1082,hobbled by half     baked setups and sluggish pacing ,0
1083,like a rejected x     files episode than a credible account of a puzzling real     life happening ,0
1084,     s funny and human and really pretty damned wonderful     all at once     ,1
1085,decrepit freaks ,0
1086,this makes for perfectly acceptable     occasionally very enjoyable children      s entertainment     ,1
1087,the concept behind kung pow     enter the fist is hilarious     ,1
1088,    imaginative ,1
1089,how low brow ,0
1090,    mostly martha will leave you with a smile on your face and a grumble in your stomach     ,1
1091,a light     engaging comedy that fumbles away almost all of its accumulated enjoyment with a crucial third act miscalculation     ,0
1092,from each film ,1
1093,display an original talent ,1
1094,takes a classic story     casts attractive and talented actors and uses a magnificent landscape to create a feature film that is wickedly fun to watch     ,1
1095,evolved from star to superstar some time over the past year     which means that birthday girl is the kind of quirkily appealing minor movie she might not make for a while     ,1
1096,excruciatingly unfunny and pitifully unromantic ,0
1097,wonderful acting clinic ,1
1098,hormonal melodrama ,0
1099,you may just end up trying to drown yourself in a lake afterwards     ,0
1100,is as blasphemous and nonsensical as a luis buñuel film ,0
1101,the theater wondering why these people mattered ,0
1102,has squeezed the life out of whatever idealism american moviemaking ever had ,0
1103,fails in making this character understandable     in getting under her skin     in exploring motivation           ,0
1104,a sort of geriatric dirty harry     which will please eastwood      s loyal fans            and suits the story     wherein our hero must ride roughshod over incompetent cops to get his man ,1
1105,watered     down ,0
1106,in amazement over the fact ,1
1107,this is the kind of subject matter that could so easily have been fumbled by a lesser filmmaker     ,1
1108,    does not work     ,0
1109,starts out strongly before quickly losing its focus     point and purpose in a mess of mixed messages     over     blown drama and bruce willis with a scar     ,0
1110,wonderfully speculative ,1
1111,sharply comic and surprisingly touching ,1
1112,painful and ,0
1113,scant place ,0
1114,naomi watts is terrific as rachel     her petite frame and vulnerable persona emphasising her plight and isolation     ,1
1115,be the end of the world ,1
1116,     s a sit down and ponder affair ,1
1117,makes it seem fresh again     ,1
1118,stock character camp ,0
1119,     s about as overbearing and over     the     top as the family ,0
1120,relentlessly nasty ,0
1121,an unexpectedly sweet story of sisterhood     ,1
1122,a film      s title served such dire warning ,0
1123,a triumph ,1
1124,uses a totally unnecessary prologue     just because it seems obligatory ,0
1125,dead ,0
1126,as lumpy as two     day old porridge ,0
1127,with us is a minor miracle ,1
1128,created a masterful work of art of their own ,1
1129,has an ambition to say something about its subjects     but not a willingness     ,0
1130,is capped with pointless extremes ,0
1131,even the stuffiest cinema goers ,1
1132,examines the intimate     unguarded moments of folks who live in unusual homes            which pop up in nearly every corner of the country ,1
1133,warm and exotic ,1
1134,no reason to truly care for its decrepit freaks beyond the promise of a reprieve from their incessant whining ,0
1135,a diverse and astonishingly articulate cast of palestinian and israeli children     ,1
1136,the most amazing super     sized dosage ,1
1137,is so rich with period minutiae ,1
1138,perfectly portrays the desperation of a very insecure man ,1
1139,could be looking at his 12th oscar nomination by proving that he      s now     more than ever     choosing his roles with the precision of the insurance actuary ,1
1140,     s too loud ,0
1141,sluggish pacing ,0
1142,aloof and lacks any real raw emotion     which is fatal for a film that relies on personal relationships     ,0
1143,the immediate aftermath of the terrorist attacks ,0
1144,a welcome improvement ,1
1145,only improves on it     with terrific computer graphics     inventive action sequences and a droll sense of humor ,1
1146,is far funnier than it would seem to have any right to be ,1
1147,expect from movies ,0
1148,reminds us of our own responsibility ,1
1149,awarded mythic status in contemporary culture ,1
1150,but something far more stylish and cerebral            and ,1
1151,urban comedy ,1
1152,interplay and utter lack ,0
1153,funniest and most likeable movie in years ,1
1154,amoral assassin ,0
1155,relayed by superb ,1
1156,like john le carré with a couple of burnt     out cylinders ,0
1157,does n     t necessarily ,0
1158,most alive ,1
1159,bears a grievous but obscure complaint against fathers     and circles it obsessively     without making contact     ,0
1160,more traditionally plotted popcorn thriller ,1
1161,just about the surest bet for an all     around good time at the movies this summer ,1
1162,bring something new into the mix ,1
1163,the dialogue is very choppy and monosyllabic despite the fact that it is being dubbed     ,0
1164,never comes together ,0
1165,sweet as greenfingers ,1
1166,supremely unfunny and unentertaining ,0
1167,shame ,0
1168,will have you at the edge of your seat for long stretches ,1
1169,fluffy neo     noir hiding behind cutesy film references ,0
1170,tasteful little revision works ,1
1171,in its treatment of the dehumanizing and ego     destroying process of unemployment ,0
1172,has reached puberty actually finding the characters in slackers or their antics amusing     let alone funny ,0
1173,rape     payback ,0
1174,warm     moving ,1
1175,you      ll forget about it by monday     though     ,0
1176,that neatly and effectively captures the debilitating grief ,1
1177,an excruciating demonstration of the unsalvageability of a movie saddled with an amateurish screenplay ,0
1178,sand to the fierce grandeur of its sweeping battle scenes ,1
1179,an amazing breakthrough ,1
1180,makes oliver far more interesting than the character      s lines would suggest ,1
1181,ghetto ,0
1182,unfocused ,0
1183,is sure to raise audience      s spirits and leave them singing long after the credits roll ,1
1184,low     budget     video     shot ,0
1185,remarkably fuddled about motives and context     which drains it of the dramatic substance that would shake us in our boots     or cinema seats     ,0
1186,each watered down the version of the one before ,0
1187,seen it all before in one form or another ,0
1188,    deeply absorbing piece ,1
1189,as mushy as peas ,0
1190,many such biographical melodramas ,0
